id,acronym,name,display,category,ownership,affiliated_to,affiliated_to_name,location,region,status,formerly
UDSM,UDSM,University of Dar es Salaam,University of Dar es Salaam (UDSM),University,Public,,,Dar es Salaam,Dar es Salaam,Accredited and Chartered,
SUA,SUA,Sokoine University of Agriculture,Sokoine University of Agriculture (SUA),University,Public,,,Morogoro,Morogoro,Accredited and Chartered,
OUT,OUT,Open University of Tanzania,Open University of Tanzania (OUT),University,Public,,,Dar es Salaam,Dar es Salaam,Accredited and Chartered,
SUZA,SUZA,State University of Zanzibar,State University of Zanzibar (SUZA),University,Public,,,Zanzibar,Zanzibar (Mjini Magharibi),Accredited,
MU,MU,Mzumbe University,Mzumbe University (MU),University,Public,,,Morogoro,Morogoro,Accredited and Chartered,
NM-AIST,NM-AIST,Nelson Mandela African Institution of Science and Technology,Nelson Mandela African Institution of Science and Technology (NM-AIST),University,Public,,,Arusha,Arusha,Accredited and Chartered,
MUHAS,MUHAS,Muhimbili University of Health and Allied Sciences,Muhimbili University of Health and Allied Sciences (MUHAS),University,Public,,,Dar es Salaam,Dar es Salaam,Accredited and Chartered,
ARU,ARU,Ardhi University,Ardhi University (ARU),University,Public,,,Dar es Salaam,Dar es Salaam,Accredited and Chartered,
UDOM,UDOM,University of Dodoma,University of Dodoma (UDOM),University,Public,,,Dodoma,Dodoma,Accredited and Chartered,
MUST,MUST,Mbeya University of Science and Technology,Mbeya University of Science and Technology (MUST),University,Public,,,Mbeya,Mbeya,Accredited and Chartered,
MoCU,MoCU,Moshi Cooperative University,Moshi Cooperative University (MoCU),University,Public,,,Moshi,Kilimanjaro,Accredited and Chartered,
MNUAT,MNUAT,Mwalimu Nyerere University of Agriculture and Technology,Mwalimu Nyerere University of Agriculture and Technology (MNUAT),University,Public,,,Musoma,Mara,Accredited,
KU,KU,Kairuki University,Kairuki University (KU),University,Private,,,Dar es Salaam,Dar es Salaam,Accredited and Chartered,HKMU
SUMAIT,SUMAIT,Abdulrahman Al-Sumait University,Abdulrahman Al-Sumait University (SUMAIT),University,Private,,,Zanzibar,Zanzibar (Mjini Magharibi),Accredited,
SAUT,SAUT,St. Augustine University of Tanzania,St. Augustine University of Tanzania (SAUT),University,Private,,,Mwanza,Mwanza,Accredited and Chartered,
ZU,ZU,Zanzibar University,Zanzibar University (ZU),University,Private,,,Zanzibar,Zanzibar (Mjini Magharibi),Accredited and Chartered,
TUMA,TUMA,Tumaini University Makumira,Tumaini University Makumira (TUMA),University,Private,,,Arusha,Arusha,Accredited and Chartered,
AKU,AKU,Aga Khan University,Aga Khan University (AKU),University,Private,,,Dar es Salaam,Dar es Salaam,Accredited and Chartered,
CUHAS,CUHAS,Catholic University of Health and Allied Sciences,Catholic University of Health and Allied Sciences (CUHAS),University,Private,,,Mwanza,Mwanza,Accredited,
UoA,UoA,University of Arusha,University of Arusha (UoA),University,Private,,,Arusha,Arusha,Accredited and Chartered,
SJUIT,SJUIT,St. Joseph University in Tanzania,St. Joseph University in Tanzania (SJUIT),University,Private,,,Dar es Salaam,Dar es Salaam,Accredited,
TEKU,TEKU,Teofilo Kisanji University,Teofilo Kisanji University (TEKU),University,Private,,,Mbeya,Mbeya,Accredited and Chartered,
MWECAU,MWECAU,Mwenge Catholic University,Mwenge Catholic University (MWECAU),University,Private,,,Moshi,Kilimanjaro,Accredited,
MUM,MUM,Muslim University of Morogoro,Muslim University of Morogoro (MUM),University,Private,,,Morogoro,Morogoro,Accredited and Chartered,
UoI,UoI,University of Iringa,University of Iringa (UoI),University,Private,,,Iringa,Iringa,Accredited,
SJUT,SJUT,St. John's University of Tanzania,St. John's University of Tanzania (SJUT),University,Private,,,Dodoma,Dodoma,Accredited and Chartered,
KIUT,KIUT,Kampala International University in Tanzania,Kampala International University in Tanzania (KIUT),University,Private,,,Dar es Salaam,Dar es Salaam,Accredited,
UAUT,UAUT,United African University of Tanzania,United African University of Tanzania (UAUT),University,Private,,,Dar es Salaam,Dar es Salaam,Accredited,
RUCU,RUCU,Ruaha Catholic University,Ruaha Catholic University (RUCU),University,Private,,,Iringa,Iringa,Accredited,
MzU,MzU,Mwanza University,Mwanza University (MzU),University,Private,,,Mwanza,Mwanza,Provisional Licence,
CUoM,CUoM,Catholic University of Mbeya,Catholic University of Mbeya (CUoM),University,Private,,,Mbeya,Mbeya,Accredited,CUCoM
DarTU,DarTU,Dar es Salaam Tumaini University,Dar es Salaam Tumaini University (DarTU),University,Private,,,Dar es Salaam,Dar es Salaam,Accredited,TUDARCo
RU,RU,Rabininsia University,Rabininsia University (RU),University,Private,,,Dar es Salaam,Dar es Salaam,Provisional Licence,
UMST,UMST,University of Medical Sciences and Technology,University of Medical Sciences and Technology (UMST),University,Private,,,Dar es Salaam,Dar es Salaam,Provisional Licence,
HUEA,HUEA,Hikmah University of East Africa,Hikmah University of East Africa (HUEA),University,Private,,,Dar es Salaam,Dar es Salaam,Provisional Licence,
KCMC-U,,KCMC University,KCMC University,University,Private,,,Moshi,Kilimanjaro,Accredited,
DUCE,DUCE,Dar es Salaam University College of Education,Dar es Salaam University College of Education (DUCE),University College,Public,UDSM,University of Dar es Salaam,Dar es Salaam,Dar es Salaam,Accredited and Chartered,
MUCE,MUCE,Mkwawa University College of Education,Mkwawa University College of Education (MUCE),University College,Public,UDSM,University of Dar es Salaam,Iringa,Iringa,Accredited and Chartered,
MU-DCC,MU-DCC,Mzumbe University - Dar es Salaam Campus College,Mzumbe University - Dar es Salaam Campus College,University College,Public,MU,Mzumbe University,Dar es Salaam,Dar es Salaam,Accredited,
MU-MCC,MU-MCC,Mzumbe University - Mbeya Campus College,Mzumbe University - Mbeya Campus College,University College,Public,MU,Mzumbe University,Mbeya,Mbeya,Accredited,
MCHAS,MCHAS,Mbeya College of Health and Allied Sciences,Mbeya College of Health and Allied Sciences (MCHAS),University College,Public,UDSM,University of Dar es Salaam,Mbeya,Mbeya,Accredited,
MUST-RC,MUST-RC,Mbeya University of Science and Technology - Rukwa Campus College,Mbeya University of Science and Technology - Rukwa Campus College,University College,Public,MUST,Mbeya University of Science and Technology,Rukwa,Rukwa,Accredited,
SUA-MPC,SUA-MPC,Sokoine University of Agriculture - Mizengo Pinda Campus College,Sokoine University of Agriculture - Mizengo Pinda Campus College,University College,Public,SUA,Sokoine University of Agriculture,Katavi,Katavi,Accredited,
MUST-MCCTE,MUST-MCCTE,Mbeya University of Science and Technology - Mtwara Campus College of Technical Education,Mbeya University of Science and Technology - Mtwara Campus College of Technical Education,University College,Public,MUST,Mbeya University of Science and Technology,Mtwara,Mtwara,Accredited,
ARU-MCC,ARU-MCC,Ardhi University - Mwanza Campus College,Ardhi University - Mwanza Campus College,University College,Public,ARU,Ardhi University,"Sengerema, Mwanza",Mwanza,Accredited,
UDSM-KCC,,University of Dar es Salaam - Kagera Campus College,University of Dar es Salaam - Kagera Campus College,University College,Public,UDSM,University of Dar es Salaam,Kagera,Kagera,Accredited,
UDSM-LCC,,University of Dar es Salaam - Lindi Campus College,University of Dar es Salaam - Lindi Campus College,University College,Public,UDSM,University of Dar es Salaam,Lindi,Lindi,Accredited,
MU-TCC,,Mzumbe University - Tanga Campus College,Mzumbe University - Tanga Campus College,University College,Public,MU,Mzumbe University,"Kilindi, Tanga",Tanga,Accredited,
SMMUCo,SMMUCo,Stefano Moshi Memorial University College,Stefano Moshi Memorial University College (SMMUCo),University College,Private,TUMA,Tumaini University Makumira,Moshi,Kilimanjaro,Certificate of Full Registration and Chartered,
AMUCTA,AMUCTA,Archbishop Mihayo University College of Tabora,Archbishop Mihayo University College of Tabora (AMUCTA),University College,Private,SAUT,St. Augustine University of Tanzania,Tabora,Tabora,Accredited,
JUCo,JUCo,Jordan University College,Jordan University College (JUCo),University College,Private,SAUT,St. Augustine University of Tanzania,Morogoro,Morogoro,Accredited,
SFUCHAS,SFUCHAS,St. Francis University College of Health and Allied Sciences,St. Francis University College of Health and Allied Sciences (SFUCHAS),University College,Private,SAUT,St. Augustine University of Tanzania,Morogoro,Morogoro,Accredited,
STeMMUCo,STeMMUCo,Stella Maris Mtwara University College,Stella Maris Mtwara University College (STeMMUCo),University College,Private,SAUT,St. Augustine University of Tanzania,Mtwara,Mtwara,Accredited,
MARUCo,MARUCo,Marian University College,Marian University College (MARUCo),University College,Private,SAUT,St. Augustine University of Tanzania,Bagamoyo,Pwani,Accredited,
SJCHAS,SJCHAS,St. Joseph University College of Health and Allied Sciences,St. Joseph University College of Health and Allied Sciences (SJCHAS),University College,Private,SJUIT,St. Joseph University in Tanzania,Dar es Salaam,Dar es Salaam,Accredited,
MWECAU-HCC,MWECAU-HCC,Mwenge Catholic University - Hedaru Campus College,Mwenge Catholic University - Hedaru Campus College,University College,Private,MWECAU,Mwenge Catholic University,"Same, Kilimanjaro",Kilimanjaro,Accredited,
IMS,IMS,Institute of Marine Sciences,Institute of Marine Sciences (IMS),University Institute,Public,UDSM,University of Dar es Salaam,Zanzibar,Zanzibar (Mjini Magharibi),As per status of the mother university,
KICoB,KICoB,Kizumbi Institute of Cooperative Business Education,Kizumbi Institute of Cooperative Business Education (KICoB),University Institute,Public,MoCU,Moshi Cooperative University,Shinyanga,Shinyanga,As per status of the mother university,
SAUT-DSM,,St. Augustine University of Tanzania - Dar es Salaam Centre,St. Augustine University of Tanzania - Dar es Salaam Centre,University Centre,Private,SAUT,St. Augustine University of Tanzania,Dar es Salaam,Dar es Salaam,As per status of the mother university,
SMMUCo-MWIKA,,Stefano Moshi Memorial University College - Mwika Centre,Stefano Moshi Memorial University College - Mwika Centre,University Centre,Private,SMMUCo,Stefano Moshi Memorial University College,Moshi,Kilimanjaro,As per status of the mother university,
SAUT-ARUSHA,,St. Augustine University of Tanzania - Arusha Centre,St. Augustine University of Tanzania - Arusha Centre,University Centre,Private,SAUT,St. Augustine University of Tanzania,Arusha,Arusha,As per status of the mother university,
